{"type":"Topology","transform":{"scale":[0.0006285774635271645,0.00035227338626754346],"translate":[9.533574263457005,46.40748691915841]},"arcs":[[[10652,4902],[-53,108],[0,7],[4,31],[27,139],[35,85],[247,195],[25,-1],[30,-6],[33,-9],[109,-73],[66,-75],[41,-275],[4,-71],[-104,-6],[-124,-1],[-173,-10],[-100,-14],[-23,-4],[-29,-9],[-15,-11]],[[1018,2462],[21,-50],[25,-160],[23,-143],[-3,-5],[-12,-21],[-42,-45],[-26,-15],[-11,-6],[-13,-17],[-9,-13],[-13,-40],[-14,-45],[-9,-137],[7,-227],[14,-196],[12,-82]],[[968,1260],[-3,-1],[-28,-4],[-21,2],[-80,46],[-197,131],[-89,75],[-5,7],[-4,48],[0,12],[3,22],[8,30],[14,35],[6,20],[-2,10],[-26,53],[-8,3],[-240,76],[-139,18],[-53,20],[7,6],[11,12],[27,46],[12,25],[2,24],[-3,77],[-18,56],[-90,265],[-52,87],[10,28],[95,198],[9,17],[15,21],[16,-1],[2,0],[9,3],[16,5],[14,9],[23,24],[8,18],[5,20],[0,10],[-31,162],[-4,8],[-7,6],[-56,24],[-28,-2],[-6,6],[-36,59],[-8,16],[-4,9],[-4,17],[1,0],[14,98],[18,-8],[46,-23],[5,0],[66,0],[65,0],[58,17],[12,33],[10,39],[10,28],[22,40],[17,19],[14,8],[41,1],[8,-3],[225,-153],[141,-126],[299,-323],[2,-22],[-2,-11],[-31,-135],[-61,-135]],[[4990,1942],[18,-14],[27,-32],[83,-120],[11,-45],[-24,-42],[-13,-30],[4,-19],[59,-127],[136,-243],[77,-69],[102,-94],[10,-11],[6,-20],[-3,-11],[-8,-21],[-41,-53],[-14,9],[-11,14],[-15,8],[-5,0],[-19,-5],[-214,-57],[-66,-30],[-10,-5],[-35,-87],[-16,-85],[-4,-37]],[[5025,716],[-162,-2],[-57,8],[-109,58],[-72,24],[-48,34],[-19,16],[-15,20],[-17,32],[-122,325],[-111,136],[-67,48],[-14,11],[-33,52],[-39,110],[-13,99],[-1,23],[3,10],[8,16],[7,5],[23,10],[52,13],[7,3],[14,11],[9,15],[31,68],[11,26]],[[4291,1887],[29,-9],[28,2],[20,18],[74,73],[59,86],[13,21],[24,10],[156,16],[13,1],[14,-2],[20,-6],[91,-38],[14,-8],[66,-46],[22,-17],[56,-46]],[[1018,2462],[77,1],[10,1],[7,3],[67,35],[87,55],[13,12],[4,7],[143,230],[69,112],[1,12],[-7,104],[-1,12],[-2,9],[-15,21],[-35,108],[-15,136],[5,8],[7,4],[15,7],[46,22],[9,1],[7,-4],[3,-9],[-1,-13],[136,-120],[193,38],[348,-101],[98,-326],[4,-8],[7,-4],[9,-3],[39,-6],[32,-2],[107,2],[27,3],[292,90],[257,237],[76,-9],[78,18],[32,13],[5,6],[9,15],[159,163],[377,83],[137,30],[85,-11],[82,-17],[48,-10],[86,-9],[6,6],[9,14],[2,10],[2,24],[-1,35],[-9,51],[404,30],[85,-93],[7,-5],[8,-3],[77,27],[16,7]],[[4841,3511],[23,-102],[83,-133],[59,-176],[-63,-179],[-9,-17],[-66,-85],[-171,-220],[-119,-21],[-253,-39],[-137,-20],[-63,21],[-17,-7],[-39,-52],[-8,-18],[11,-272],[15,-63],[60,-205]],[[4147,1923],[-103,-72],[-491,-229],[-18,-4],[-31,1],[-16,6],[-20,40],[-11,13],[-124,39],[-21,2],[-209,3],[-474,-124],[-23,-11],[-11,-12],[-74,-92],[-10,-14],[-20,-28],[-4,-7],[-4,-10],[1,-12],[6,-30],[-1,-26],[-2,-10],[-39,-161],[-3,-8],[-82,-136],[-7,-5],[-202,-4],[-85,45],[-68,41],[-43,61],[3,10],[-3,22],[-10,14],[-109,94],[-8,4],[-8,3],[-20,0],[-25,-8],[-14,-8],[-68,-32],[-53,-24],[-9,-2],[-100,19],[-32,26],[-5,7],[-5,13],[28,178],[-2,10],[-92,132],[-46,48],[-16,7],[-9,-2],[-45,-16],[-5,-6],[-13,-25],[-36,-87],[-15,-62],[-131,-156],[-12,-11],[-85,-50],[-31,-13],[-14,-4]],[[10557,2891],[-105,-48],[-83,-190],[23,-67],[40,-204],[33,-166],[12,-64],[46,-456],[-6,-27],[-82,-135],[-79,-121],[-40,-99],[-9,-58],[-5,-41]],[[10302,1215],[-25,-2],[-8,-3],[-5,-7],[0,-12],[4,-193],[0,-23],[-190,-79],[-30,1],[-27,-4],[-41,-10],[-325,-91],[-312,-96],[-425,13],[-54,0],[-8,-3],[-41,-22]],[[8815,684],[-12,38],[-43,185],[-44,369],[23,152],[-91,195],[-12,24],[-193,164],[-20,-1],[-315,-98],[-204,41],[-30,-10],[-7,-6],[-161,-81],[-101,99],[-177,124],[-88,-36],[-145,-147],[-76,-79],[-156,-128],[-71,-52],[-99,56],[-16,13]],[[6777,1506],[37,31],[25,24],[63,104],[117,390],[-34,96],[-146,343],[-5,9],[-19,-3],[-19,-12],[-13,-12],[-63,-22],[-92,-34],[-98,33],[-34,17],[-16,13],[-3,23],[-33,285],[-1,106],[19,137]],[[6462,3034],[119,-22],[74,-5],[62,95],[20,93],[-3,42],[-7,28],[-9,29],[-13,20],[-13,9],[-20,12],[-53,7],[3,80],[23,141],[12,19],[31,50],[59,84],[14,6],[122,37],[22,6],[20,-3],[92,-33],[44,-17],[73,-34],[11,-10],[53,-52],[5,-28],[173,-81],[154,-70],[73,-12],[21,1],[255,205],[75,87],[30,35],[236,108],[19,4],[33,-9],[22,-35]],[[8294,3821],[5,-21],[3,-9],[20,-18],[20,-11],[172,-32],[146,52],[85,24],[55,-14],[43,-12],[32,1],[45,13],[120,40],[8,32],[1,25],[31,77],[168,82],[53,-2],[41,-27],[18,-12],[5,-37],[0,-28],[15,-18],[64,-36],[198,-84],[198,-81],[7,-7],[81,-212],[135,-204],[88,-85],[20,-17],[61,-26],[109,-12],[107,-2],[33,-46],[9,-54],[33,-120],[34,-49]],[[4291,1887],[0,24],[-7,17],[-8,5],[-51,18],[-10,-1],[-68,-27]],[[4841,3511],[32,66],[10,15],[6,4],[94,30],[91,-1],[20,-1],[15,-9],[125,-152],[9,-15],[3,-9],[-5,-7],[-21,1],[-9,-1],[-14,-10],[-20,-67],[-3,-10],[6,-18],[22,-63],[10,-14],[227,-210],[17,-8],[67,-17],[10,-1],[8,3],[54,67],[4,7],[3,10],[72,400],[0,12],[-32,112],[-8,16],[-26,45],[-39,46],[-15,8],[-9,1],[-8,-3],[-17,-19],[-12,-10],[-7,-4],[-10,-1],[-98,7],[-10,2],[-8,15],[-2,10],[1,14],[2,11],[43,147],[14,22],[30,43],[9,16],[57,116],[-67,150],[-76,144],[-86,104]],[[5300,4505],[84,80],[12,9],[14,9],[12,7],[116,14],[30,-6],[8,-5],[15,-21],[42,-47],[10,-11],[108,-103],[63,9],[15,16],[53,30],[68,33],[40,9],[115,-61],[6,-12],[-2,-17],[-9,-84],[-15,-7],[-20,11],[-15,17],[-15,15],[-20,18],[-16,5],[-17,-2],[-19,-5],[-4,-31],[4,-137],[9,-181],[3,-22],[8,-11],[30,-21],[11,-5],[198,-114],[172,-159],[-1,-55],[-63,-304],[-17,-35],[-17,-6],[-13,-10],[-6,-113],[2,-23],[14,-28],[54,-63],[115,-54]],[[6777,1506],[-21,93],[-30,42],[-101,111],[-108,81],[-25,9],[-364,93],[-22,1],[-121,-7],[-22,-6],[-31,-11],[-10,-5],[-7,-26],[-93,-94],[-94,-52],[-84,-31],[-19,7],[-139,58],[-12,15],[-23,44],[-7,18],[-5,21],[-3,13],[-15,7],[-25,11],[-317,106],[-49,12],[-18,-1],[-4,-11],[-18,-62]],[[5300,4505],[-3,16],[-8,34],[-8,16],[-25,35],[-51,56],[-20,27],[-39,56],[-6,18],[-16,57],[-2,11],[3,22],[5,19],[4,10],[11,13],[159,196],[12,12],[227,154],[217,93],[165,19],[33,12],[21,13],[34,23],[35,36],[95,107],[39,59],[4,9],[2,10],[20,85],[7,33],[27,222],[1,12],[-16,76],[-7,18],[-13,18],[0,11],[10,13],[14,10],[88,40],[15,6],[19,-1],[121,-48],[77,-39],[10,-14],[15,-34],[12,-12],[13,-10],[69,-40],[121,186],[4,9],[29,94],[4,23],[2,38],[0,12],[-19,270],[30,101],[39,-9],[40,-20],[170,-130],[27,-21],[67,-101],[3,-8],[2,-10],[0,-12],[210,-193],[149,-39],[178,29],[90,75],[94,26],[164,2],[10,-2],[60,-53],[6,-6],[70,-74]],[[8220,6171],[97,-13],[53,-16],[23,-10],[154,-91],[22,-39],[102,-538],[6,-51],[7,-64],[1,-49],[-34,-86],[-39,-26],[-19,-13],[-182,-106],[-230,-71],[-55,28],[-93,147],[-100,36],[-44,-33],[-17,-47],[-25,-164],[-27,-252],[9,-16],[79,-136],[14,-24],[181,-132],[34,-14],[85,-16],[55,-211],[-12,-16],[-2,-12],[-2,-76],[16,-149],[17,-90]],[[8220,6171],[6,6],[4,9],[19,44],[2,10],[2,107],[-9,27],[-1,22],[12,68],[6,21],[6,19],[131,235],[6,7],[22,10],[10,0],[21,-3],[57,-10],[117,34],[42,410],[-11,96],[0,12],[4,21],[26,65],[23,22],[23,10],[8,-1],[55,-11],[145,-42],[230,-34],[83,-6],[18,-6],[44,-29],[94,-63],[92,-84],[15,-9],[44,-18],[28,-8],[33,-29],[157,-98],[8,-4],[92,-13],[164,3],[182,-156],[92,-78],[62,-48],[32,-16],[36,-13],[365,-48],[60,2],[9,2],[16,5],[14,9],[13,10],[16,21],[7,18],[21,72],[33,69],[9,16],[7,3],[121,-1],[9,-2],[162,-61],[17,-8],[18,-18],[71,-100],[113,-73],[9,-4],[61,-9],[19,2],[38,16],[15,8],[6,6],[1,0],[14,6],[23,-20],[21,-38],[9,-16],[2,-8],[42,-231],[-5,-130],[-16,-115],[-41,-73],[-64,-104],[-4,-9],[-14,-51],[-25,-207],[0,-12],[3,-19],[5,-19],[4,-8],[116,-204],[10,-11],[36,-6],[2,-58],[5,-42],[34,-155],[36,-53],[40,-55],[12,-12],[15,-10],[46,-20]],[[11988,4905],[-59,-113],[-70,-95],[-91,81],[-18,6],[-54,-9],[-262,-208],[-82,-121],[-52,-76],[-74,-100],[-55,112],[-16,41],[-51,-8],[-45,-27],[-39,-28],[-18,-20],[-39,-107],[-29,-121],[-18,-46],[-71,-93],[-21,13],[-60,-7],[-7,-190],[8,-35],[12,-41],[17,-43],[34,-4],[31,-3],[5,-11],[5,-25],[20,-108],[-48,-323],[-62,-160],[-26,-29],[-95,-77],[-23,-18],[-78,-21]],[[8815,684],[-16,10],[-30,1],[-278,-104],[-10,-14],[-47,-102],[-4,-23],[-12,-72],[-16,-81],[-5,-8],[-424,-291],[-107,34],[-507,61],[-8,3],[-6,5],[-30,41],[-9,27],[-11,25],